,id,lon,lat,ID_TRCs,nodes,bearings,incident_segs,bearings_r,cc_ordered_segs,geometry
0,100,-73.85853730775834,45.45209963863428,"4016190,1617533,1617518",100,"315.7,136.4,148.9","101,414,422","315.7,136.4,148.9","   incid_seg_id_  bearing  bearing_r     dual           name
0            101    315.7      315.7  DIVIDED  Saint-Charles
1            414    136.4      136.4  DIVIDED  Saint-Charles
2            422    148.9      148.9      NOT     Non-nommée",POINT (-73.85853730775834 45.45209963863428)
0,101,-73.8579801018411,45.451735831348124,"4016189,4001950,1617506",102,"315.3,140.1,336.5","102,170,394","315.3,140.1,336.5","   incid_seg_id_  bearing  bearing_r     dual           name
0            102    315.3      315.3  DIVIDED  Saint-Charles
1            170    140.1      140.1  DIVIDED  Saint-Charles
2            394    336.5      336.5      NOT     Non-nommée",POINT (-73.8579801018411 45.451735831348124)
0,102,-73.86786000696624,45.44800371319679,"4016200,4007039,1617829",115,"63.9,243.8,66.6","105,125,218","63.9,243.8,66.6","   incid_seg_id_  bearing  bearing_r     dual        name
0            105     63.9       63.9  DIVIDED          40
1            125    243.8      243.8  DIVIDED          40
2            218     66.6       66.6      NOT  Non-nommée",POINT (-73.86786000696624 45.44800371319679)
0,103,-73.85893179191795,45.45217912418203,"4016195,1617518,1617517",146,"66.4,226.9,245.0","109,422,423","66.4,226.9,245.0","   incid_seg_id_  bearing  bearing_r dual             name
0            109     66.4       66.4  NOT  Transcanadienne
1            422    226.9      226.9  NOT       Non-nommée
2            423    245.0      245.0  NOT  Transcanadienne",POINT (-73.85893179191795 45.45217912418203)
0,104,-73.86204860125818,45.451351333779066,"4016192,1623155,1617519",159,"67.4,244.4,59.0","111,181,421","67.4,244.4,59.0","   incid_seg_id_  bearing  bearing_r dual             name
0            111     67.4       67.4  NOT  Transcanadienne
1            181    244.4      244.4  NOT  Transcanadienne
2            421     59.0       59.0  NOT       Non-nommée",POINT (-73.86204860125818 45.451351333779066)
0,105,-73.85136604705103,45.44138205041796,"4017009,4005404,1618060",160,"353.2,84.6,217.6","112,140,372","353.2,84.6,217.6","   incid_seg_id_  bearing  bearing_r dual       name
0            112    353.2      353.2  NOT  Applewood
1            140     84.6       84.6  NOT  Applewood
2            372    217.6      217.6  NOT  Applewood",POINT (-73.85136604705103 45.44138205041796)
0,106,-73.85142303612253,45.441560603161136,"4017009,4005403,1618065",163,"158.9,80.4,339.2","112,145,367","158.9,80.4,339.2","   incid_seg_id_  bearing  bearing_r dual       name
0            112    158.9      158.9  NOT  Applewood
1            145     80.4       80.4  NOT  Applewood
2            367    339.2      339.2  NOT  Applewood",POINT (-73.85142303612253 45.441560603161136)
0,107,-73.8553044230418,45.44423041597363,"4012895,1617871,1617879",164,"307.9,54.4,238.6","113,206,285","307.9,54.4,238.6","   incid_seg_id_  bearing  bearing_r dual      name
0            113    307.9      307.9  NOT  Kirkland
1            206     54.4       54.4  NOT  Kirkland
2            285    238.6      238.6  NOT  Kirkland",POINT (-73.8553044230418 45.44423041597363)
0,108,-73.85550594771718,45.44411738650047,"4012894,1617872,1617880",194,"313.3,246.0,65.4","114,205,284","313.3,246.0,65.4","   incid_seg_id_  bearing  bearing_r dual      name
0            114    313.3      313.3  NOT  Kirkland
1            205    246.0      246.0  NOT  Kirkland
2            284     65.4       65.4  NOT  Kirkland",POINT (-73.85550594771718 45.44411738650047)
0,109,-73.85749281843022,45.450236890161534,"4013375,4013374,4013372",195,"220.4,265.9,66.1","115,116,118","220.4,265.9,66.1","   incid_seg_id_  bearing  bearing_r     dual          name
0            115    220.4      220.4  DIVIDED  Sainte-Marie
1            116    265.9      265.9  DIVIDED  Sainte-Marie
2            118     66.1       66.1      NOT  Sainte-Marie",POINT (-73.85749281843022 45.450236890161534)
0,110,-73.85802743756672,45.44998368288513,"4013375,4013374,4013373",198,"84.6,40.6,243.3","115,116,117","84.6,40.6,243.3","   incid_seg_id_  bearing  bearing_r     dual          name
0            115     84.6       84.6  DIVIDED  Sainte-Marie
1            116     40.6       40.6  DIVIDED  Sainte-Marie
2            117    243.3      243.3      NOT  Sainte-Marie",POINT (-73.85802743756672 45.44998368288513)
0,111,-73.85935671613468,45.449330112966884,"4013373,4001954,1617564,1617547",202,"63.9,244.9,135.7,299.2","117,165,404,411","63.9,244.9,135.7,299.2","   incid_seg_id_  bearing  bearing_r     dual          name
0            117     63.9       63.9      NOT  Sainte-Marie
1            165    244.9      244.9      NOT  Sainte-Marie
2            404    135.7      135.7  DIVIDED         Hymus
3            411    299.2      299.2  DIVIDED        Privée",POINT (-73.85935671613468 45.449330112966884)
0,112,-73.85734465270251,45.450302689317496,"4013372,1617546,1617525",203,"246.1,85.5,62.1","118,412,418","246.1,85.5,62.1","   incid_seg_id_  bearing  bearing_r dual          name
0            118    246.1      246.1  NOT  Sainte-Marie
1            412     85.5       85.5  NOT  Sainte-Marie
2            418     62.1       62.1  NOT  Sainte-Marie",POINT (-73.85734465270251 45.450302689317496)
0,113,-73.86308289947225,45.4500872370277,"4007927,1617829,1617832",204,"243.8,249.8,61.4","119,218,263","243.8,249.8,61.4","   incid_seg_id_  bearing  bearing_r dual             name
0            119    243.8      243.8  NOT  Transcanadienne
1            218    249.8      249.8  NOT       Non-nommée
2            263     61.4       61.4  NOT  Transcanadienne",POINT (-73.86308289947225 45.4500872370277)
0,114,-73.866896463213,45.43675252551258,"4007070,1617985,1617980",210,"36.3,110.9,291.1","120,355,382","36.3,110.9,291.1","   incid_seg_id_  bearing  bearing_r dual        name
0            120     36.3       36.3  NOT    Brighton
1            355    110.9      110.9  NOT  Sherbrooke
2            382    291.1      291.1  NOT  Sherbrooke",POINT (-73.866896463213 45.43675252551258)
0,115,-73.86695141766933,45.43768387747218,"4007070,1617999,1617984",224,"152.7,333.0,263.2","120,349,356","152.7,333.0,263.2","   incid_seg_id_  bearing  bearing_r dual      name
0            120    152.7      152.7  NOT  Brighton
1            349    333.0      333.0  NOT  Brighton
2            356    263.2      263.2  NOT  Shamrock",POINT (-73.86695141766933 45.43768387747218)
0,116,-73.85590592744514,45.449423171535116,"4007921,4001952,1617553,1617530",225,"243.6,63.7,137.7,318.5","121,167,409,415","243.6,63.7,137.7,318.5","   incid_seg_id_  bearing  bearing_r     dual           name
0            121    243.6      243.6      NOT          Hymus
1            167     63.7       63.7      NOT          Hymus
2            409    137.7      137.7  DIVIDED  Saint-Charles
3            415    318.5      318.5  DIVIDED  Saint-Charles",POINT (-73.85590592744514 45.449423171535116)
0,117,-73.85903641331575,45.448972944605316,"4007921,1617565,1617564,1617561",241,"114.9,274.6,332.9,246.0","121,403,404,405","114.9,274.6,332.9,246.0","   incid_seg_id_  bearing  bearing_r     dual         name
0            121    114.9      114.9      NOT        Hymus
1            403    274.6      274.6  DIVIDED        Hymus
2            404    332.9      332.9  DIVIDED        Hymus
3            405    246.0      246.0      NOT  Frank-Toope",POINT (-73.85903641331575 45.448972944605316)
0,118,-73.86111793262073,45.4469989365806,"4006939,4006938,4004772",256,"144.8,95.6,314.0","122,123,143","144.8,95.6,314.0","   incid_seg_id_  bearing  bearing_r dual     name
0            122    144.8      144.8  NOT  Artiste
1            123     95.6       95.6  NOT  Artiste
2            143    314.0      314.0  NOT  Artiste",POINT (-73.86111793262073 45.4469989365806)
0,119,-73.86450929476074,45.45016224866864,"4007042,1623155,1617830",274,"240.2,64.1,243.8","124,181,217","240.2,64.1,243.8","   incid_seg_id_  bearing  bearing_r dual             name
0            124    240.2      240.2  NOT       Non-nommée
1            181     64.1       64.1  NOT  Transcanadienne
2            217    243.8      243.8  NOT  Transcanadienne",POINT (-73.86450929476074 45.45016224866864)
0,120,-73.85420196932198,45.447739822955626,"4006945,4006944,4006940,4001334",293,"320.3,62.7,242.6,138.6","126,127,131,174","320.3,62.7,242.6,138.6","   incid_seg_id_  bearing  bearing_r     dual           name
0            126    320.3      320.3  DIVIDED  Saint-Charles
1            127     62.7       62.7  DIVIDED       Kirkland
2            131    242.6      242.6  DIVIDED       Kirkland
3            174    138.6      138.6  DIVIDED  Saint-Charles",POINT (-73.85420196932198 45.447739822955626)
0,121,-73.85425360533355,45.44780193859693,"4006945,4001955,1617556,1617553",294,"140.3,63.5,243.5,320.5","126,164,407,409","140.3,63.5,243.5,320.5","   incid_seg_id_  bearing  bearing_r     dual           name
0            126    140.3      140.3  DIVIDED  Saint-Charles
1            164     63.5       63.5  DIVIDED       Kirkland
2            407    243.5      243.5  DIVIDED       Kirkland
3            409    320.5      320.5  DIVIDED  Saint-Charles",POINT (-73.85425360533355 45.44780193859693)
0,122,-73.85405166566991,45.447817413697926,"4006944,4006943,4001335",295,"242.7,319.6,139.5","127,128,173","242.7,319.6,139.5","   incid_seg_id_  bearing  bearing_r     dual           name
0            127    242.7      242.7  DIVIDED       Kirkland
1            128    319.6      319.6  DIVIDED  Saint-Charles
2            173    139.5      139.5  DIVIDED  Saint-Charles",POINT (-73.85405166566991 45.447817413697926)
0,123,-73.85410254826934,45.44787710190697,"4006943,4001955,1617554",296,"139.6,243.5,319.8","128,164,408","139.6,243.5,319.8","   incid_seg_id_  bearing  bearing_r     dual           name
0            128    139.6      139.6  DIVIDED  Saint-Charles
1            164    243.5      243.5  DIVIDED       Kirkland
2            408    319.8      319.8  DIVIDED  Saint-Charles",POINT (-73.85410254826934 45.44787710190697)
0,124,-73.85496876232256,45.44735046888537,"4006942,4006941,4006940",297,"242.9,316.3,63.1","129,130,131","242.9,316.3,63.1","   incid_seg_id_  bearing  bearing_r     dual      name
0            129    242.9      242.9  DIVIDED  Kirkland
1            130    316.3      316.3      NOT  Kirkland
2            131     63.1       63.1  DIVIDED  Kirkland",POINT (-73.85496876232256 45.44735046888537)
0,125,-73.85593708209748,45.446915754870176,"4006942,4001465,1617868,1617870,1617557",300,"86.3,44.7,312.2,249.8,132.1","129,178,208,219,406","86.3,44.7,312.2,249.8,132.1","   incid_seg_id_  bearing  bearing_r     dual        name
0            129     86.3       86.3  DIVIDED    Kirkland
1            178     44.7       44.7  DIVIDED    Kirkland
2            208    312.2      312.2      NOT      Beacon
3            219    249.8      249.8      NOT  Centennial
4            406    132.1      132.1      NOT    Kirkland",POINT (-73.85593708209748 45.446915754870176)
0,126,-73.85502480545665,45.44740906072462,"4006941,4001464,4001465,1617556",301,"136.3,315.6,243.0,62.9","130,177,178,407","136.3,315.6,243.0,62.9","   incid_seg_id_  bearing  bearing_r     dual      name
0            130    136.3      136.3      NOT  Kirkland
1            177    315.6      315.6      NOT  Kirkland
2            178    243.0      243.0  DIVIDED  Kirkland
3            407     62.9       62.9  DIVIDED  Kirkland",POINT (-73.85502480545665 45.44740906072462)
0,127,-73.85310475072212,45.437152189317395,"4008324,1618046,1618045",320,"78.1,257.8,338.4","132,329,337","78.1,257.8,338.4","   incid_seg_id_  bearing  bearing_r dual    name
0            132     78.1       78.1  NOT   Acres
1            329    257.8      257.8  NOT   Acres
2            337    338.4      338.4  NOT  Castle",POINT (-73.85310475072212 45.437152189317395)
0,128,-73.86438453020348,45.443559703916826,"4005397,4005398,1617931",345,"256.1,161.9,341.6","133,150,326","256.1,161.9,341.6","   incid_seg_id_  bearing  bearing_r dual     name
0            133    256.1      256.1  NOT  Pearson
1            150    161.9      161.9  NOT  Pearson
2            326    341.6      341.6  NOT  Pearson",POINT (-73.86438453020348 45.443559703916826)
0,129,-73.85242227556756,45.443715849926015,"4005396,4005395,1617908",371,"184.8,122.5,331.0","134,135,247","184.8,122.5,331.0","   incid_seg_id_  bearing  bearing_r dual   name
0            134    184.8      184.8  NOT  Éliot
1            135    122.5      122.5  NOT  Éliot
2            247    331.0      331.0  NOT  Éliot",POINT (-73.85242227556756 45.443715849926015)
0,130,-73.85857392299195,45.44556272870756,"4005394,4005393,1617856",436,"127.7,173.7,316.6","136,137,234","127.7,173.7,316.6","   incid_seg_id_  bearing  bearing_r dual    name
0            136    127.7      127.7  NOT  Beacon
1            137    173.7      173.7  NOT  Beacon
2            234    316.6      316.6  NOT  Beacon",POINT (-73.85857392299195 45.44556272870756)
0,131,-73.85619496303912,45.43616930885189,"4005406,4005405,1618080",475,"356.3,301.4,156.0","138,139,374","356.3,301.4,156.0","   incid_seg_id_  bearing  bearing_r dual       name
0            138    356.3      356.3  NOT  Evergreen
1            139    301.4      301.4  NOT  Evergreen
2            374    156.0      156.0  NOT  Evergreen",POINT (-73.85619496303912 45.43616930885189)
0,132,-73.86109019210399,45.44845197565136,"4004774,1623665,1617854,1617853",538,"235.9,317.2,137.1,55.9","141,182,236,237","235.9,317.2,137.1,55.9","   incid_seg_id_  bearing  bearing_r dual           name
0            141    235.9      235.9  NOT   Sainte-Marie
1            182    317.2      317.2  NOT  Mountain View
2            236    137.1      137.1  NOT  Mountain View
3            237     55.9       55.9  NOT   Sainte-Marie",POINT (-73.86109019210399 45.44845197565136)
0,133,-73.86206349141429,45.44795941796387,"4004774,4004773,4004772",541,"63.5,243.4,135.7","141,142,143","63.5,243.4,135.7","   incid_seg_id_  bearing  bearing_r dual          name
0            141     63.5       63.5  NOT  Sainte-Marie
1            142    243.4      243.4  NOT  Sainte-Marie
2            143    135.7      135.7  NOT       Artiste",POINT (-73.86206349141429 45.44795941796387)
0,134,-73.8633745890106,45.44731359814979,"4004773,1617841,1617837",544,"63.8,136.0,244.0","142,255,259","63.8,136.0,244.0","   incid_seg_id_  bearing  bearing_r dual          name
0            142     63.8       63.8  NOT  Sainte-Marie
1            255    136.0      136.0  NOT      Delmonte
2            259    244.0      244.0  NOT  Sainte-Marie",POINT (-73.8633745890106 45.44731359814979)
0,135,-73.85135647275759,45.44607337463993,"4005895,4005894,4001603",547,"132.5,231.6,1.8","144,154,156","132.5,231.6,1.8","   incid_seg_id_  bearing  bearing_r dual       name
0            144    132.5      132.5  NOT  Terry-Fox
1            154    231.6      231.6  NOT  Terry-Fox
2            156      1.8        1.8  NOT  Terry-Fox",POINT (-73.85135647275759 45.44607337463993)
0,136,-73.86232046912691,45.43964163194581,"4005402,4005401,1618016",574,"323.2,37.3,157.3","146,147,317","323.2,37.3,157.3","   incid_seg_id_  bearing  bearing_r dual       name
0            146    323.2      323.2  NOT  Connemara
1            147     37.3       37.3  NOT  Connemara
2            317    157.3      157.3  NOT  Connemara",POINT (-73.86232046912691 45.43964163194581)
0,137,-73.8653802787792,45.4378724118942,"4005400,4005399,1618001",623,"87.8,59.0,255.6","148,149,347","87.8,59.0,255.6","   incid_seg_id_  bearing  bearing_r dual       name
0            148     87.8       87.8  NOT  Westcroft
1            149     59.0       59.0  NOT  Westcroft
2            347    255.6      255.6  NOT  Westcroft",POINT (-73.8653802787792 45.4378724118942)
0,138,-73.85322657966638,45.449107330580844,"4006285,4006284,4006283",707,"157.6,233.7,8.0","151,152,153","157.6,233.7,8.0","   incid_seg_id_  bearing  bearing_r dual   name
0            151    157.6      157.6  NOT  Yuile
1            152    233.7      233.7  NOT  Yuile
2            153      8.0        8.0  NOT  Yuile",POINT (-73.85322657966638 45.449107330580844)
0,139,-73.85321657648481,45.44995438373991,"4006283,4001605,4001606",728,"178.1,270.4,90.3","153,155,168","178.1,270.4,90.3","   incid_seg_id_  bearing  bearing_r dual   name
0            153    178.1      178.1  NOT  Yuile
1            155    270.4      270.4  NOT  Hymus
2            168     90.3       90.3  NOT  Hymus",POINT (-73.85321657648481 45.44995438373991)
0,140,-73.85575433933673,45.44949806868121,"4001605,4001952,1617554,1617529",755,"63.7,243.7,138.0,318.1","155,167,408,416","63.7,243.7,138.0,318.1","   incid_seg_id_  bearing  bearing_r     dual           name
0            155     63.7       63.7      NOT          Hymus
1            167    243.7      243.7      NOT          Hymus
2            408    138.0      138.0  DIVIDED  Saint-Charles
3            416    318.1      318.1  DIVIDED  Saint-Charles",POINT (-73.85575433933673 45.44949806868121)
0,141,-73.8513187053307,45.44727643935357,"4001603,4001602,1617492",756,"181.8,90.4,0.3","156,157,395","181.8,90.4,0.3","   incid_seg_id_  bearing  bearing_r dual       name
0            156    181.8      181.8  NOT  Terry-Fox
1            157     90.4       90.4  NOT  Terry-Fox
2            395      0.3        0.3  NOT  Terry-Fox",POINT (-73.8513187053307 45.44727643935357)
0,142,-73.86637362781529,45.441277393602704,"4001965,1617951,1617950",758,"313.9,134.1,51.1","158,300,301","313.9,134.1,51.1","   incid_seg_id_  bearing  bearing_r dual      name
0            158    313.9      313.9  NOT  Kirkland
1            300    134.1      134.1  NOT  Kirkland
2            301     51.1       51.1  NOT  Kirkland",POINT (-73.86637362781529 45.441277393602704)
0,143,-73.86659770327933,45.44149311021486,"4001965,4001964,1617946",759,"133.9,313.4,244.5","158,159,305","133.9,313.4,244.5","   incid_seg_id_  bearing  bearing_r dual      name
0            158    133.9      133.9  NOT  Kirkland
1            159    313.4      313.4  NOT  Kirkland
2            305    244.5      244.5  NOT     Royal",POINT (-73.86659770327933 45.44149311021486)
0,144,-73.86671705007134,45.441606119542094,"4001964,1617950,1617935",760,"133.4,67.6,314.4","159,301,393","133.4,67.6,314.4","   incid_seg_id_  bearing  bearing_r dual      name
0            159    133.4      133.4  NOT  Kirkland
1            301     67.6       67.6  NOT  Kirkland
2            393    314.4      314.4  NOT  Kirkland",POINT (-73.86671705007134 45.441606119542094)
0,145,-73.85997954222823,45.4450592012223,"4001963,4001962,1617893",761,"177.0,4.1,266.3","160,161,273","177.0,4.1,266.3","   incid_seg_id_  bearing  bearing_r dual      name
0            160    177.0      177.0  NOT    Beacon
1            161      4.1        4.1  NOT    Beacon
2            273    266.3      266.3  NOT  Kirkland",POINT (-73.85997954222823 45.4450592012223)
0,146,-73.85996922782937,45.444863226937926,"4001963,1617865,1617862",762,"357.0,175.0,87.5","160,228,229","357.0,175.0,87.5","   incid_seg_id_  bearing  bearing_r dual    name
0            160    357.0      357.0  NOT  Beacon
1            228    175.0      175.0  NOT  Beacon
2            229     87.5       87.5  NOT  Beacon",POINT (-73.85996922782937 45.444863226937926)
0,147,-73.8599712213283,45.445176669526745,"4001962,1617862,1617861",763,"184.1,92.7,3.9","161,229,230","184.1,92.7,3.9","   incid_seg_id_  bearing  bearing_r dual    name
0            161    184.1      184.1  NOT  Beacon
1            229     92.7       92.7  NOT  Beacon
2            230      3.9        3.9  NOT  Beacon",POINT (-73.8599712213283 45.445176669526745)
0,148,-73.85237717399448,45.44585406501098,"4001957,4001333,1617568",764,"68.5,328.3,147.8","162,175,401","68.5,328.3,147.8","   incid_seg_id_  bearing  bearing_r     dual           name
0            162     68.5       68.5      NOT     Non-nommée
1            175    328.3      328.3  DIVIDED  Saint-Charles
2            401    147.8      147.8  DIVIDED  Saint-Charles",POINT (-73.85237717399448 45.44585406501098)
0,149,-73.85221792332507,45.44591683197026,"4001957,4001336,1617567",765,"248.5,328.9,149.1","162,172,402","248.5,328.9,149.1","   incid_seg_id_  bearing  bearing_r     dual           name
0            162    248.5      248.5      NOT     Non-nommée
1            172    328.9      328.9  DIVIDED  Saint-Charles
2            402    149.1      149.1  DIVIDED  Saint-Charles",POINT (-73.85221792332507 45.44591683197026)
0,150,-73.85313701573938,45.446701710927265,"4001956,4001334,4001333",766,"63.5,320.4,140.4","163,174,175","63.5,320.4,140.4","   incid_seg_id_  bearing  bearing_r     dual           name
0            163     63.5       63.5      NOT     Non-nommée
1            174    320.4      320.4  DIVIDED  Saint-Charles
2            175    140.4      140.4  DIVIDED  Saint-Charles",POINT (-73.85313701573938 45.446701710927265)
0,151,-73.85298669765122,45.44677678049776,"4001956,4001336,4001335",767,"243.5,140.3,320.4","163,172,173","243.5,140.3,320.4","   incid_seg_id_  bearing  bearing_r     dual           name
0            163    243.5      243.5      NOT     Non-nommée
1            172    140.3      140.3  DIVIDED  Saint-Charles
2            173    320.4      320.4  DIVIDED  Saint-Charles",POINT (-73.85298669765122 45.44677678049776)
0,152,-73.85947142064924,45.44927638568226,"4001954,1617853,1617565,1617548",768,"64.9,243.5,133.8,313.3","165,237,403,410","64.9,243.5,133.8,313.3","   incid_seg_id_  bearing  bearing_r     dual          name
0            165     64.9       64.9      NOT  Sainte-Marie
1            237    243.5      243.5      NOT  Sainte-Marie
2            403    133.8      133.8  DIVIDED         Hymus
3            410    313.3      313.3  DIVIDED        Privée",POINT (-73.85947142064924 45.44927638568226)
0,153,-73.85699611404875,45.45049996574988,"4001951,1617528,1617525,1617523",773,"59.4,136.8,238.9,315.4","169,417,418,419","59.4,136.8,238.9,315.4","   incid_seg_id_  bearing  bearing_r     dual           name
0            169     59.4       59.4      NOT   Sainte-Marie
1            417    136.8      136.8  DIVIDED  Saint-Charles
2            418    238.9      238.9      NOT   Sainte-Marie
3            419    315.4      315.4  DIVIDED  Saint-Charles",POINT (-73.85699611404875 45.45049996574988)
0,154,-73.85684388227146,45.450590075299225,"4001951,1617536,1617529",774,"239.4,318.2,138.2","169,413,416","239.4,318.2,138.2","   incid_seg_id_  bearing  bearing_r     dual           name
0            169    239.4      239.4      NOT   Sainte-Marie
1            413    318.2      318.2  DIVIDED  Saint-Charles
2            416    138.2      138.2  DIVIDED  Saint-Charles",POINT (-73.85684388227146 45.450590075299225)
0,155,-73.85786440762485,45.45161740201909,"4001950,4001949,4001331,1617536",775,"312.0,237.8,58.0,131.6","170,171,176,413","312.0,237.8,58.0,131.6","   incid_seg_id_  bearing  bearing_r     dual           name
0            170    312.0      312.0  DIVIDED  Saint-Charles
1            171    237.8      237.8      NOT     Non-nommée
2            176     58.0       58.0      NOT   Sainte-Marie
3            413    131.6      131.6  DIVIDED  Saint-Charles",POINT (-73.85786440762485 45.45161740201909)
0,156,-73.85800137448409,45.45153120870447,"4001949,1617533,1617523,1617520",777,"57.8,319.6,139.6,243.5","171,414,419,420","57.8,319.6,139.6,243.5","   incid_seg_id_  bearing  bearing_r     dual           name
0            171     57.8       57.8      NOT     Non-nommée
1            414    319.6      319.6  DIVIDED  Saint-Charles
2            419    139.6      139.6  DIVIDED  Saint-Charles
3            420    243.5      243.5      NOT     Non-nommée",POINT (-73.85800137448409 45.45153120870447)
0,157,-73.8562748848876,45.43803040669968,"1623644,1623643,1618053",811,"338.6,260.2,80.2","179,180,290","338.6,260.2,80.2","   incid_seg_id_  bearing  bearing_r dual        name
0            179    338.6      338.6  NOT     Bermuda
1            180    260.2      260.2  NOT  Sherbrooke
2            290     80.2       80.2  NOT  Sherbrooke",POINT (-73.8562748848876 45.43803040669968)
0,158,-73.85658305930406,45.43871762947274,"1623644,1618052,1618050,1618036",816,"155.4,335.8,79.9,259.9","179,291,293,346","155.4,335.8,79.9,259.9","   incid_seg_id_  bearing  bearing_r dual     name
0            179    155.4      155.4  NOT  Bermuda
1            291    335.8      335.8  NOT  Bermuda
2            293     79.9       79.9  NOT  Lincoln
3            346    259.9      259.9  NOT  Lincoln",POINT (-73.85658305930406 45.43871762947274)
0,159,-73.85846926480299,45.437678324017945,"1623643,1618054,1618024,1618023",820,"80.5,157.3,260.5,337.1","180,289,309,310","80.5,157.3,260.5,337.1","   incid_seg_id_  bearing  bearing_r dual        name
0            180     80.5       80.5  NOT  Sherbrooke
1            289    157.3      157.3  NOT  Allancroft
2            309    260.5      260.5  NOT  Sherbrooke
3            310    337.1      337.1  NOT  Allancroft",POINT (-73.85846926480299 45.437678324017945)
0,160,-73.86275829320824,45.45026393637872,"1623665,1623664,1617832",833,"127.5,63.6,241.4","182,183,263","127.5,63.6,241.4","   incid_seg_id_  bearing  bearing_r dual             name
0            182    127.5      127.5  NOT    Mountain View
1            183     63.6       63.6  NOT  Transcanadienne
2            263    241.4      241.4  NOT  Transcanadienne",POINT (-73.86275829320824 45.45026393637872)
0,161,-73.86141772007407,45.45092955069614,"1623664,1617520,1617517",834,"243.6,71.7,62.3","183,420,423","243.6,71.7,62.3","   incid_seg_id_  bearing  bearing_r dual             name
0            183    243.6      243.6  NOT  Transcanadienne
1            420     71.7       71.7  NOT       Non-nommée
2            423     62.3       62.3  NOT  Transcanadienne",POINT (-73.86141772007407 45.45092955069614)
0,162,-73.86692769876997,45.45150918291195,"1623662,1617810,1617809,1617808",860,"100.8,28.7,278.6,208.5","184,280,281,282","100.8,28.7,278.6,208.5","   incid_seg_id_  bearing  bearing_r dual      name
0            184    100.8      100.8  NOT  Dufferin
1            280     28.7       28.7  NOT  Daudelin
2            281    278.6      278.6  NOT  Stoneman
3            282    208.5      208.5  NOT  Daudelin",POINT (-73.86692769876997 45.45150918291195)
0,163,-73.8573912477352,45.43523773314827,"4000662,1618076,1618075",861,"335.1,158.3,78.5","185,377,378","335.1,158.3,78.5","   incid_seg_id_  bearing  bearing_r dual        name
0            185    335.1      335.1  NOT  Allancroft
1            377    158.3      158.3  NOT  Allancroft
2            378     78.5       78.5  NOT   Evergreen",POINT (-73.8573912477352 45.43523773314827)
0,164,-73.85780676430885,45.43617858032619,"4000662,4000322,4000321",865,"154.7,260.4,338.3","185,186,187","154.7,260.4,338.3","   incid_seg_id_  bearing  bearing_r dual          name
0            185    154.7      154.7  NOT    Allancroft
1            186    260.4      260.4  NOT  Jacques-Prou
2            187    338.3      338.3  NOT    Allancroft",POINT (-73.85780676430885 45.43617858032619)
0,165,-73.85798004798119,45.43657311135087,"4000321,1618057,1618073",876,"154.7,256.6,335.2","187,286,379","154.7,256.6,335.2","   incid_seg_id_  bearing  bearing_r dual        name
0            187    154.7      154.7  NOT  Allancroft
1            286    256.6      256.6  NOT      Spruce
2            379    335.2      335.2  NOT  Allancroft",POINT (-73.85798004798119 45.43657311135087)
0,166,-73.86757307907273,45.44115123824497,"4000494,1617947,1617943,1617975",893,"318.5,78.0,258.4,138.0","189,304,306,387","318.5,78.0,258.4,138.0","   incid_seg_id_  bearing  bearing_r dual       name
0            189    318.5      318.5  NOT  Westcroft
1            304     78.0       78.0  NOT      Royal
2            306    258.4      258.4  NOT      Royal
3            387    138.0      138.0  NOT  Westcroft",POINT (-73.86757307907273 45.44115123824497)
0,167,-73.859429855402,45.435309091336116,"1618146,1618096,1618027",898,"257.3,156.8,336.8","190,238,297","257.3,156.8,336.8","   incid_seg_id_  bearing  bearing_r dual      name
0            190    257.3      257.3  NOT  Woodside
1            238    156.8      156.8  NOT  Woodside
2            297    336.8      336.8  NOT  Woodside",POINT (-73.859429855402 45.435309091336116)
0,168,-73.86008474766909,45.43670148691113,"1618146,1618027,1618026",915,"257.1,162.1,342.9","190,297,298","257.1,162.1,342.9","   incid_seg_id_  bearing  bearing_r dual      name
0            190    257.1      257.1  NOT  Woodside
1            297    162.1      162.1  NOT  Woodside
2            298    342.9      342.9  NOT  Woodside",POINT (-73.86008474766909 45.43670148691113)
0,169,-73.85393168194885,45.44068720529941,"1617891,1617888,1618041",916,"258.1,339.4,160.1","191,194,341","258.1,339.4,160.1","   incid_seg_id_  bearing  bearing_r dual    name
0            191    258.1      258.1  NOT   Rowan
1            194    339.4      339.4  NOT  Castle
2            341    160.1      160.1  NOT  Castle",POINT (-73.85393168194885 45.44068720529941)
0,170,-73.85493056125712,45.4404853990885,"1617891,1617890,1618039",921,"79.3,338.9,259.2","191,192,343","79.3,338.9,259.2","   incid_seg_id_  bearing  bearing_r dual    name
0            191     79.3       79.3  NOT   Rowan
1            192    338.9      338.9  NOT  Nassau
2            343    259.2      259.2  NOT   Rowan",POINT (-73.85493056125712 45.4404853990885)
0,171,-73.85521832248081,45.44117961821348,"1617890,1617889,1617913",925,"157.5,337.9,261.0","192,193,242","157.5,337.9,261.0","   incid_seg_id_  bearing  bearing_r dual      name
0            192    157.5      157.5  NOT    Nassau
1            193    337.9      337.9  NOT    Nassau
2            242    261.0      261.0  NOT  Flamingo",POINT (-73.85521832248081 45.44117961821348)
0,172,-73.8555141501341,45.44188119093057,"1617889,1617885,1617911",928,"158.1,337.0,261.3","193,197,244","158.1,337.0,261.3","   incid_seg_id_  bearing  bearing_r dual         name
0            193    158.1      158.1  NOT       Nassau
1            197    337.0      337.0  NOT       Nassau
2            244    261.3      261.3  NOT  Nightingale",POINT (-73.8555141501341 45.44188119093057)
0,173,-73.85455467274933,45.442165764350996,"1617888,1617886,1618058",932,"156.9,336.7,77.8","194,196,373","156.9,336.7,77.8","   incid_seg_id_  bearing  bearing_r dual      name
0            194    156.9      156.9  NOT    Castle
1            196    336.7      336.7  NOT    Castle
2            373     77.8       77.8  NOT  Biscayne",POINT (-73.85455467274933 45.442165764350996)
0,174,-73.85397133160807,45.44306562339161,"1617887,1617907,1617906",933,"257.2,54.6,83.8","195,248,249","257.2,54.6,83.8","   incid_seg_id_  bearing  bearing_r dual       name
0            195    257.2      257.2  NOT  Thackeray
1            248     54.6       54.6  NOT  Thackeray
2            249     83.8       83.8  NOT  Thackeray",POINT (-73.85397133160807 45.44306562339161)
0,175,-73.85485519357147,45.44287641347622,"1617887,1617886,1617884",939,"78.6,158.9,339.5","195,196,198","78.6,158.9,339.5","   incid_seg_id_  bearing  bearing_r dual       name
0            195     78.6       78.6  NOT  Thackeray
1            196    158.9      158.9  NOT     Castle
2            198    339.5      339.5  NOT     Castle",POINT (-73.85485519357147 45.44287641347622)
0,176,-73.85597809730682,45.44295877374493,"1617885,1617910,1617909",947,"156.6,75.6,255.7","197,245,246","156.6,75.6,255.7","   incid_seg_id_  bearing  bearing_r dual     name
0            197    156.6      156.6  NOT   Nassau
1            245     75.6       75.6  NOT  Taywood
2            246    255.7      255.7  NOT  Taywood",POINT (-73.85597809730682 45.44295877374493)
0,177,-73.8549834002669,45.44317812485104,"1617884,1617883,1617910",950,"158.1,338.0,258.8","198,199,245","158.1,338.0,258.8","   incid_seg_id_  bearing  bearing_r dual     name
0            198    158.1      158.1  NOT   Castle
1            199    338.0      338.0  NOT   Castle
2            245    258.8      258.8  NOT  Taywood",POINT (-73.8549834002669 45.44317812485104)
0,178,-73.85515583702583,45.44358859123888,"1617883,1617903,1617882",954,"158.6,76.8,338.4","199,264,276","158.6,76.8,338.4","   incid_seg_id_  bearing  bearing_r dual     name
0            199    158.6      158.6  NOT   Castle
1            264     76.8       76.8  NOT  Taywood
2            276    338.4      338.4  NOT   Castle",POINT (-73.85515583702583 45.44358859123888)
0,179,-73.85888914868599,45.44437444874323,"1617877,1617866,1617894",955,"82.6,262.3,163.9","200,227,272","82.6,262.3,163.9","   incid_seg_id_  bearing  bearing_r dual        name
0            200     82.6       82.6  NOT      Harold
1            227    262.3      262.3  NOT      Harold
2            272    163.9      163.9  NOT  Summerhill",POINT (-73.85888914868599 45.44437444874323)
0,180,-73.85864703511535,45.44352233652781,"1617877,1617895,1617894",999,"77.8,163.9,344.1","200,271,272","77.8,163.9,344.1","   incid_seg_id_  bearing  bearing_r dual        name
0            200     77.8       77.8  NOT      Harold
1            271    163.9      163.9  NOT  Summerhill
2            272    344.1      344.1  NOT  Summerhill",POINT (-73.85864703511535 45.44352233652781)
0,181,-73.85586118730109,45.445075165753046,"1617876,1617875,1617873",1000,"278.4,7.7,98.7","201,202,204","278.4,7.7,98.7","   incid_seg_id_  bearing  bearing_r dual    name
0            201    278.4      278.4  NOT   Viger
1            202      7.7        7.7  NOT  Michel
2            204     98.7       98.7  NOT   Viger",POINT (-73.85586118730109 45.445075165753046)
0,182,-73.8574656132569,45.4467313537498,"1617876,1617875,1617874",1032,"249.5,136.0,68.9","201,202,203","249.5,136.0,68.9","   incid_seg_id_  bearing  bearing_r dual    name
0            201    249.5      249.5  NOT   Viger
1            202    136.0      136.0  NOT  Michel
2            203     68.9       68.9  NOT   Viger",POINT (-73.8574656132569 45.4467313537498)
0,183,-73.85680615579709,45.4474498570506,"1617874,1617868,1617867",1070,"209.0,104.4,284.4","203,208,226","209.0,104.4,284.4","   incid_seg_id_  bearing  bearing_r dual    name
0            203    209.0      209.0  NOT   Viger
1            208    104.4      104.4  NOT  Beacon
2            226    284.4      284.4  NOT  Beacon",POINT (-73.85680615579709 45.4474498570506)
0,184,-73.85481967848378,45.44501532001729,"1617873,1617871,1617869",1071,"272.9,180.8,0.1","204,206,220","272.9,180.8,0.1","   incid_seg_id_  bearing  bearing_r dual      name
0            204    272.9      272.9  NOT     Viger
1            206    180.8      180.8  NOT  Kirkland
2            220      0.1        0.1  NOT  Kirkland",POINT (-73.85481967848378 45.44501532001729)
0,185,-73.85843320033635,45.442772368087965,"1617872,1617896,1617895",1085,"78.2,258.3,343.7","205,270,271","78.2,258.3,343.7","   incid_seg_id_  bearing  bearing_r dual        name
0            205     78.2       78.2  NOT    Kirkland
1            270    258.3      258.3  NOT    Kirkland
2            271    343.7      343.7  NOT  Summerhill",POINT (-73.85843320033635 45.442772368087965)
0,186,-73.86505073781416,45.43661786847052,"1618153,1618000,1617997,1618029",1109,"152.5,333.7,262.9,82.8","207,348,351,364","152.5,333.7,262.9,82.8","   incid_seg_id_  bearing  bearing_r dual        name
0            207    152.5      152.5  NOT   Westcroft
1            348    333.7      333.7  NOT   Westcroft
2            351    262.9      262.9  NOT  Sherbrooke
3            364     82.8       82.8  NOT  Sherbrooke",POINT (-73.86505073781416 45.43661786847052)
0,187,-73.85728186688965,45.43497817240218,"1618090,1618077,1618076",1118,"258.3,155.0,336.0","209,376,377","258.3,155.0,336.0","   incid_seg_id_  bearing  bearing_r dual        name
0            209    258.3      258.3  NOT   Evergreen
1            376    155.0      155.0  NOT  Allancroft
2            377    336.0      336.0  NOT  Allancroft",POINT (-73.85728186688965 45.43497817240218)
0,188,-73.85396665137402,45.43597716895031,"1618089,1618086,1618092",1122,"336.8,257.5,78.0","210,213,240","336.8,257.5,78.0","   incid_seg_id_  bearing  bearing_r dual       name
0            210    336.8      336.8  NOT   Sycamore
1            213    257.5      257.5  NOT  Evergreen
2            240     78.0       78.0  NOT  Evergreen",POINT (-73.85396665137402 45.43597716895031)
0,189,-73.85435990091773,45.43688902946002,"1618089,1618048,1618046",1125,"156.4,336.7,79.1","210,295,329","156.4,336.7,79.1","   incid_seg_id_  bearing  bearing_r dual      name
0            210    156.4      156.4  NOT  Sycamore
1            295    336.7      336.7  NOT  Sycamore
2            329     79.1       79.1  NOT     Acres",POINT (-73.85435990091773 45.43688902946002)
0,190,-73.85496242858426,45.43576466260483,"1618088,1618084,1618082",1126,"336.1,78.2,257.9","211,215,365","336.1,78.2,257.9","   incid_seg_id_  bearing  bearing_r dual       name
0            211    336.1      336.1  NOT   Chestnut
1            215     78.2       78.2  NOT  Evergreen
2            365    257.9      257.9  NOT  Evergreen",POINT (-73.85496242858426 45.43576466260483)
0,191,-73.85565752886826,45.43738149365443,"1618088,1618056,1618055",1131,"158.1,80.9,260.5","211,287,288","158.1,80.9,260.5","   incid_seg_id_  bearing  bearing_r dual      name
0            211    158.1      158.1  NOT  Chestnut
1            287     80.9       80.9  NOT     Sumac
2            288    260.5      260.5  NOT     Sumac",POINT (-73.85565752886826 45.43738149365443)
0,192,-73.85639423472621,45.43545197443274,"1618087,1618079,1618075",1138,"156.9,77.4,260.2","212,375,378","156.9,77.4,260.2","   incid_seg_id_  bearing  bearing_r dual       name
0            212    156.9      156.9  NOT    Juniper
1            375     77.4       77.4  NOT  Evergreen
2            378    260.2      260.2  NOT  Evergreen",POINT (-73.85639423472621 45.43545197443274)
0,193,-73.85440419537245,45.435880958462604,"1618086,1618085,1618084",1141,"77.8,157.6,257.9","213,214,215","77.8,157.6,257.9","   incid_seg_id_  bearing  bearing_r dual       name
0            213     77.8       77.8  NOT  Evergreen
1            214    157.6      157.6  NOT   Tamarack
2            215    257.9      257.9  NOT  Evergreen",POINT (-73.85440419537245 45.435880958462604)
0,194,-73.85540111983462,45.435667004823884,"1618083,1618082,1618081",1153,"158.5,77.7,257.6","216,365,366","158.5,77.7,257.6","   incid_seg_id_  bearing  bearing_r dual       name
0            216    158.5      158.5  NOT    Hemlock
1            365     77.7       77.7  NOT  Evergreen
2            366    257.6      257.6  NOT  Evergreen",POINT (-73.85540111983462 45.435667004823884)
0,195,-73.85558754024487,45.446581616244046,"1617870,1617869,1617557",1199,"244.1,133.8,314.0","219,220,406","244.1,133.8,314.0","   incid_seg_id_  bearing  bearing_r dual        name
0            219    244.1      244.1  NOT  Centennial
1            220    133.8      133.8  NOT    Kirkland
2            406    314.0      314.0  NOT    Kirkland",POINT (-73.85558754024487 45.446581616244046)
0,196,-73.86356938992506,45.44390589827697,"1617919,1617918,1617920",1220,"344.1,83.0,164.2","221,222,358","344.1,83.0,164.2","   incid_seg_id_  bearing  bearing_r dual        name
0            221    344.1      344.1  NOT   Tarragone
1            222     83.0       83.0  NOT  Park Ridge
2            358    164.2      164.2  NOT   Tarragone",POINT (-73.86356938992506 45.44390589827697)
0,197,-73.86377784037983,45.44459431825126,"1617919,1617843,1617932",1222,"163.1,80.7,260.7","221,253,325","163.1,80.7,260.7","   incid_seg_id_  bearing  bearing_r dual       name
0            221    163.1      163.1  NOT  Tarragone
1            253     80.7       80.7  NOT   Kirkland
2            325    260.7      260.7  NOT   Kirkland",POINT (-73.86377784037983 45.44459431825126)
0,198,-73.86095574529767,45.44342579022203,"1617918,1617915,1617921",1223,"10.6,190.7,265.0","222,225,357","10.6,190.7,265.0","   incid_seg_id_  bearing  bearing_r dual        name
0            222     10.6       10.6  NOT  Park Ridge
1            225    190.7      190.7  NOT  Park Ridge
2            357    265.0      265.0  NOT   Tarragone",POINT (-73.86095574529767 45.44342579022203)
0,199,-73.86047239714733,45.44247950014857,"1617917,1617916,1617900",1252,"262.5,81.6,162.3","223,224,266","262.5,81.6,162.3","   incid_seg_id_  bearing  bearing_r dual        name
0            223    262.5      262.5  NOT    Kirkland
1            224     81.6       81.6  NOT    Kirkland
2            266    162.3      162.3  NOT  Allancroft",POINT (-73.86047239714733 45.44247950014857)
0,200,-73.86140585631355,45.44220260884461,"1617917,1617923,1617922",1261,"61.5,241.0,319.7","223,335,336","61.5,241.0,319.7","   incid_seg_id_  bearing  bearing_r dual        name
0            223     61.5       61.5  NOT    Kirkland
1            335    241.0      241.0  NOT    Kirkland
2            336    319.7      319.7  NOT  Châtelaine",POINT (-73.86140585631355 45.44220260884461)
0,201,-73.85962205948809,45.442597642760454,"1617916,1617914,1617898",1262,"262.0,165.7,82.1","224,241,268","262.0,165.7,82.1","   incid_seg_id_  bearing  bearing_r dual      name
0            224    262.0      262.0  NOT  Kirkland
1            241    165.7      165.7  NOT  Kirkland
2            268     82.1       82.1  NOT  Kirkland",POINT (-73.85962205948809 45.442597642760454)
0,202,-73.85957689953163,45.44332277632286,"1617915,1617902,1617899",1265,"263.9,341.5,162.2","225,265,267","263.9,341.5,162.2","   incid_seg_id_  bearing  bearing_r dual        name
0            225    263.9      263.9  NOT  Park Ridge
1            265    341.5      341.5  NOT      Beacon
2            267    162.2      162.2  NOT      Beacon",POINT (-73.85957689953163 45.44332277632286)
0,203,-73.85918456051121,45.44674522009327,"1617867,1617855,1617854",1313,"51.3,231.2,299.5","226,235,236","51.3,231.2,299.5","   incid_seg_id_  bearing  bearing_r dual           name
0            226     51.3       51.3  NOT         Beacon
1            235    231.2      231.2  NOT         Beacon
2            236    299.5      299.5  NOT  Mountain View",POINT (-73.85918456051121 45.44674522009327)
0,204,-73.8598537021284,45.444239032997025,"1617866,1617865,1617902",1314,"82.3,359.6,179.5","227,228,265","82.3,359.6,179.5","   incid_seg_id_  bearing  bearing_r dual    name
0            227     82.3       82.3  NOT  Harold
1            228    359.6      359.6  NOT  Beacon
2            265    179.5      179.5  NOT  Beacon",POINT (-73.8598537021284 45.444239032997025)
0,205,-73.85963103914408,45.446234629708094,"1617861,1617858,1617856,1617855",1351,"211.1,290.0,110.1,31.1","230,233,234,235","211.1,290.0,110.1,31.1","   incid_seg_id_  bearing  bearing_r dual        name
0            230    211.1      211.1  NOT      Beacon
1            233    290.0      290.0  NOT  Terra-Nova
2            234    110.1      110.1  NOT      Beacon
3            235     31.1       31.1  NOT      Beacon",POINT (-73.85963103914408 45.446234629708094)
0,206,-73.86089773486324,45.44572135897859,"1617860,1617859,1617858",1366,"192.4,277.1,11.9","231,232,233","192.4,277.1,11.9","   incid_seg_id_  bearing  bearing_r dual        name
0            231    192.4      192.4  NOT  Terra-Nova
1            232    277.1      277.1  NOT    Cavalier
2            233     11.9       11.9  NOT  Terra-Nova",POINT (-73.86089773486324 45.44572135897859)
0,207,-73.86096702997253,45.4449472822229,"1617860,1617844,1617893",1374,"354.4,262.6,82.7","231,252,273","354.4,262.6,82.7","   incid_seg_id_  bearing  bearing_r dual        name
0            231    354.4      354.4  NOT  Terra-Nova
1            252    262.6      262.6  NOT    Kirkland
2            273     82.7       82.7  NOT    Kirkland",POINT (-73.86096702997253 45.4449472822229)
0,208,-73.86286485181282,45.4447134044205,"1617859,1617844,1617843",1375,"345.9,83.4,263.2","232,252,253","345.9,83.4,263.2","   incid_seg_id_  bearing  bearing_r dual      name
0            232    345.9      345.9  NOT  Cavalier
1            252     83.4       83.4  NOT  Kirkland
2            253    263.2      263.2  NOT  Kirkland",POINT (-73.86286485181282 45.4447134044205)
0,209,-73.85913589336288,45.44266495795064,"1617914,1617897,1617896",1458,"165.2,262.2,82.4","241,269,270","165.2,262.2,82.4","   incid_seg_id_  bearing  bearing_r dual      name
0            241    165.2      165.2  NOT  Kirkland
1            269    262.2      262.2  NOT  Kirkland
2            270     82.4       82.4  NOT  Kirkland",POINT (-73.85913589336288 45.44266495795064)
0,210,-73.85733831361857,45.44158301836897,"1617913,1617912,1617911",1497,"155.9,336.0,80.3","242,243,244","155.9,336.0,80.3","   incid_seg_id_  bearing  bearing_r dual         name
0            242    155.9      155.9  NOT     Flamingo
1            243    336.0      336.0  NOT     Flamingo
2            244     80.3       80.3  NOT  Nightingale",POINT (-73.85733831361857 45.44158301836897)
0,211,-73.85766161153707,45.44213888928058,"1617912,1617909,1617892",1503,"132.7,62.3,242.4","243,246,274","132.7,62.3,242.4","   incid_seg_id_  bearing  bearing_r dual      name
0            243    132.7      132.7  NOT  Flamingo
1            246     62.3       62.3  NOT   Taywood
2            274    242.4      242.4  NOT   Taywood",POINT (-73.85766161153707 45.44213888928058)
0,212,-73.85246653082963,45.443795807992856,"1617908,1617904,1617903",1517,"151.0,256.8,77.0","247,250,264","151.0,256.8,77.0","   incid_seg_id_  bearing  bearing_r dual       name
0            247    151.0      151.0  NOT      Éliot
1            250    256.8      256.8  NOT  Thackeray
2            264     77.0       77.0  NOT    Taywood",POINT (-73.85246653082963 45.443795807992856)
0,213,-73.85302920934532,45.443567645548484,"1617907,1617906,1617904",1518,"242.4,143.7,62.0","248,249,250","242.4,143.7,62.0","   incid_seg_id_  bearing  bearing_r dual       name
0            248    242.4      242.4  NOT  Thackeray
1            249    143.7      143.7  NOT  Thackeray
2            250     62.0       62.0  NOT  Thackeray",POINT (-73.85302920934532 45.443567645548484)
0,214,-73.86768652044859,45.44517567318924,"1617845,1617838,1617833,1617948",1549,"243.1,62.9,336.2,156.6","251,258,262,303","243.1,62.9,336.2,156.6","   incid_seg_id_  bearing  bearing_r dual          name
0            251    243.1      243.1  NOT  Sainte-Marie
1            258     62.9       62.9  NOT  Sainte-Marie
2            262    336.2      336.2  NOT        Daniel
3            303    156.6      156.6  NOT        Daniel",POINT (-73.86768652044859 45.44517567318924)
0,215,-73.86226498675981,45.44626041419796,"1617842,1617836,1617835",1559,"64.3,244.5,315.5","254,260,261","64.3,244.5,315.5","   incid_seg_id_  bearing  bearing_r dual         name
0            254     64.3       64.3  NOT  Morley Hill
1            260    244.5      244.5  NOT  Morley Hill
2            261    315.5      315.5  NOT     Delmonte",POINT (-73.86226498675981 45.44626041419796)
0,216,-73.86280216979773,45.446761775217404,"1617841,1617840,1617835",1560,"301.9,245.0,120.4","255,256,261","301.9,245.0,120.4","   incid_seg_id_  bearing  bearing_r dual      name
0            255    301.9      301.9  NOT  Delmonte
1            256    245.0      245.0  NOT     Viney
2            261    120.4      120.4  NOT  Delmonte",POINT (-73.86280216979773 45.446761775217404)
0,217,-73.8662087784205,45.445066128143054,"1617840,1617839,1617836",1563,"62.8,317.4,136.1","256,257,260","62.8,317.4,136.1","   incid_seg_id_  bearing  bearing_r dual         name
0            256     62.8       62.8  NOT        Viney
1            257    317.4      317.4  NOT  Morley Hill
2            260    136.1      136.1  NOT  Morley Hill",POINT (-73.8662087784205 45.445066128143054)
0,218,-73.8667442651187,45.445643791017076,"1617839,1617838,1617837",1569,"135.5,243.7,63.8","257,258,259","135.5,243.7,63.8","   incid_seg_id_  bearing  bearing_r dual          name
0            257    135.5      135.5  NOT   Morley Hill
1            258    243.7      243.7  NOT  Sainte-Marie
2            259     63.8       63.8  NOT  Sainte-Marie",POINT (-73.8667442651187 45.445643791017076)
0,219,-73.85937776606566,45.442631619401304,"1617899,1617898,1617897",1649,"344.1,262.1,82.2","267,268,269","344.1,262.1,82.2","   incid_seg_id_  bearing  bearing_r dual      name
0            267    344.1      344.1  NOT    Beacon
1            268    262.1      262.1  NOT  Kirkland
2            269     82.2       82.2  NOT  Kirkland",POINT (-73.85937776606566 45.442631619401304)
0,220,-73.87016508061791,45.43602328705967,"1618173,1618003,1618002",1663,"156.6,260.0,79.8","275,388,389","156.6,260.0,79.8","   incid_seg_id_  bearing  bearing_r dual     name
0            275    156.6      156.6  NOT   Acadia
1            388    260.0      260.0  NOT  Mayfair
2            389     79.8       79.8  NOT  Mayfair",POINT (-73.87016508061791 45.43602328705967)
0,221,-73.8660525807287,45.43586438168892,"1618165,1617998,1618030",1708,"256.6,333.0,153.6","277,350,363","256.6,333.0,153.6","   incid_seg_id_  bearing  bearing_r dual       name
0            277    256.6      256.6  NOT  Grosvenor
1            350    333.0      333.0  NOT   Brighton
2            363    153.6      153.6  NOT   Brighton",POINT (-73.8660525807287 45.43586438168892)
0,222,-73.86717652755205,45.43559007206753,"1618165,1618164,1618163",1711,"76.1,334.6,256.5","277,278,279","76.1,334.6,256.5","   incid_seg_id_  bearing  bearing_r dual       name
0            277     76.1       76.1  NOT  Grosvenor
1            278    334.6      334.6  NOT    Mayfair
2            279    256.5      256.5  NOT  Grosvenor",POINT (-73.86717652755205 45.43559007206753)
0,223,-73.86914809237494,45.43619225736792,"1618164,1618163,1618002",1731,"83.6,155.5,264.8","278,279,389","83.6,155.5,264.8","   incid_seg_id_  bearing  bearing_r dual       name
0            278     83.6       83.6  NOT    Mayfair
1            279    155.5      155.5  NOT  Grosvenor
2            389    264.8      264.8  NOT    Mayfair",POINT (-73.86914809237494 45.43619225736792)
0,224,-73.85544086746921,45.44414719704192,"1617881,1617880,1617879",1810,"138.3,245.4,58.6","283,284,285","138.3,245.4,58.6","   incid_seg_id_  bearing  bearing_r dual      name
0            283    138.3      138.3  NOT    Castle
1            284    245.4      245.4  NOT  Kirkland
2            285     58.6       58.6  NOT  Kirkland",POINT (-73.85544086746921 45.44414719704192)
0,225,-73.85816939146753,45.43700610918624,"1618057,1618055,1618054,1618073",1838,"280.0,99.5,327.3,156.8","286,288,289,379","280.0,99.5,327.3,156.8","   incid_seg_id_  bearing  bearing_r dual        name
0            286    280.0      280.0  NOT      Spruce
1            288     99.5       99.5  NOT       Sumac
2            289    327.3      327.3  NOT  Allancroft
3            379    156.8      156.8  NOT  Allancroft",POINT (-73.85816939146753 45.43700610918624)
0,226,-73.85464119098047,45.43754727292942,"1618056,1618049,1618048",1839,"261.5,336.2,156.3","287,294,295","261.5,336.2,156.3","   incid_seg_id_  bearing  bearing_r dual      name
0            287    261.5      261.5  NOT     Sumac
1            294    336.2      336.2  NOT  Sycamore
2            295    156.3      156.3  NOT  Sycamore",POINT (-73.85464119098047 45.43754727292942)
0,227,-73.85493881713921,45.438237232765694,"1618053,1618049,1618047",1851,"261.9,157.5,81.5","290,294,328","261.9,157.5,81.5","   incid_seg_id_  bearing  bearing_r dual        name
0            290    261.9      261.9  NOT  Sherbrooke
1            294    157.5      157.5  NOT    Sycamore
2            328     81.5       81.5  NOT  Sherbrooke",POINT (-73.85493881713921 45.438237232765694)
0,228,-73.85690036717332,45.439414182172904,"1618052,1618051,1618040",1856,"154.2,80.7,335.0","291,292,342","154.2,80.7,335.0","   incid_seg_id_  bearing  bearing_r dual     name
0            291    154.2      154.2  NOT  Bermuda
1            292     80.7       80.7  NOT  Florida
2            342    335.0      335.0  NOT  Bermuda",POINT (-73.85690036717332 45.439414182172904)
0,229,-73.85421068771882,45.439866045063134,"1618051,1618043,1618042",1857,"257.5,156.4,77.9","292,339,340","257.5,156.4,77.9","   incid_seg_id_  bearing  bearing_r dual     name
0            292    257.5      257.5  NOT  Florida
1            339    156.4      156.4  NOT   Castle
2            340     77.9       77.9  NOT  Florida",POINT (-73.85421068771882 45.439866045063134)
0,230,-73.8539131255346,45.43916942377037,"1618050,1618044,1618043,1618062",1864,"257.4,156.3,336.1,77.3","293,338,339,370","257.4,156.3,336.1,77.3","   incid_seg_id_  bearing  bearing_r dual     name
0            293    257.4      257.4  NOT  Lincoln
1            338    156.3      156.3  NOT   Castle
2            339    336.1      336.1  NOT   Castle
3            370     77.3       77.3  NOT  Lincoln",POINT (-73.8539131255346 45.43916942377037)
0,231,-73.86218969527326,45.43708135630175,"1618028,1618013,1618033",1873,"260.9,80.7,338.1","296,320,361","260.9,80.7,338.1","   incid_seg_id_  bearing  bearing_r dual        name
0            296    260.9      260.9  NOT  Sherbrooke
1            320     80.7       80.7  NOT  Sherbrooke
2            361    338.1      338.1  NOT      Forest",POINT (-73.86218969527326 45.43708135630175)
0,232,-73.86331890366644,45.43689742205719,"1618028,1618009,1618029",1876,"80.7,335.8,260.6","296,354,364","80.7,335.8,260.6","   incid_seg_id_  bearing  bearing_r dual        name
0            296     80.7       80.7  NOT  Sherbrooke
1            354    335.8      335.8  NOT      Hollis
2            364    260.6      260.6  NOT  Sherbrooke",POINT (-73.86331890366644 45.43689742205719)
0,233,-73.86039485001857,45.437370784668616,"1618026,1618025,1618024,1618013",1882,"154.4,334.5,79.5,259.6","298,299,309,320","154.4,334.5,79.5,259.6","   incid_seg_id_  bearing  bearing_r dual        name
0            298    154.4      154.4  NOT    Woodside
1            299    334.5      334.5  NOT    Woodside
2            309     79.5       79.5  NOT  Sherbrooke
3            320    259.6      259.6  NOT  Sherbrooke",POINT (-73.86039485001857 45.437370784668616)
0,234,-73.86080439558864,45.4382411741016,"1618025,1618017,1618012",1886,"155.8,335.6,256.8","299,316,321","155.8,335.6,256.8","   incid_seg_id_  bearing  bearing_r dual      name
0            299    155.8      155.8  NOT  Woodside
1            316    335.6      335.6  NOT  Woodside
2            321    256.8      256.8  NOT    Elmira",POINT (-73.86080439558864 45.4382411741016)
0,235,-73.8654146241167,45.44059633118737,"1617951,1617929,1617926,1617924",1887,"289.1,197.7,19.6,108.9","300,327,332,334","289.1,197.7,19.6,108.9","   incid_seg_id_  bearing  bearing_r dual        name
0            300    289.1      289.1  NOT    Kirkland
1            327    197.7      197.7  NOT  Alta-Vista
2            332     19.6       19.6  NOT  Gingerwood
3            334    108.9      108.9  NOT    Kirkland",POINT (-73.8654146241167 45.44059633118737)
0,236,-73.86900967977498,45.44301947099375,"1617949,1617940,1617938",1917,"246.5,323.7,65.8","302,308,390","246.5,323.7,65.8","   incid_seg_id_  bearing  bearing_r dual       name
0            302    246.5      246.5  NOT  Desbarats
1            308    323.7      323.7  NOT  Jolibourg
2            390     65.8       65.8  NOT  Desbarats",POINT (-73.86900967977498 45.44301947099375)
0,237,-73.86620730758928,45.44353506585696,"1617948,1617934,1617933",1936,"318.1,246.8,66.6","303,323,324","318.1,246.8,66.6","   incid_seg_id_  bearing  bearing_r dual      name
0            303    318.1      318.1  NOT    Daniel
1            323    246.8      246.8  NOT  Kirkland
2            324     66.6       66.6  NOT  Kirkland",POINT (-73.86620730758928 45.44353506585696)
0,238,-73.86854298716482,45.44092681773639,"1617943,1617942,1617976",1945,"78.7,258.7,154.4","306,307,386","78.7,258.7,154.4","   incid_seg_id_  bearing  bearing_r dual      name
0            306     78.7       78.7  NOT     Royal
1            307    258.7      258.7  NOT     Royal
2            386    154.4      154.4  NOT  Brighton",POINT (-73.86854298716482 45.44092681773639)
0,239,-73.85877913654008,45.438379934629765,"1618023,1618019,1618035",1959,"155.7,335.4,260.2","310,314,359","155.7,335.4,260.2","   incid_seg_id_  bearing  bearing_r dual        name
0            310    155.7      155.7  NOT  Allancroft
1            314    335.4      335.4  NOT  Allancroft
2            359    260.2      260.2  NOT  Allancroft",POINT (-73.85877913654008 45.438379934629765)
0,240,-73.85948161665826,45.43997439998347,"1618022,1618021,1618020",1960,"334.4,78.0,153.3","311,312,313","334.4,78.0,153.3","   incid_seg_id_  bearing  bearing_r dual        name
0            311    334.4      334.4  NOT  Allancroft
1            312     78.0       78.0  NOT       Rowan
2            313    153.3      153.3  NOT  Allancroft",POINT (-73.85948161665826 45.43997439998347)
0,241,-73.85848856094458,45.440176137743094,"1618021,1618037,1618036",1971,"259.8,79.5,158.2","312,345,346","259.8,79.5,158.2","   incid_seg_id_  bearing  bearing_r dual     name
0            312    259.8      259.8  NOT    Rowan
1            345     79.5       79.5  NOT    Rowan
2            346    158.2      158.2  NOT  Lincoln",POINT (-73.85848856094458 45.440176137743094)
0,242,-73.8594101513414,45.43979454684991,"1618020,1618018,1618034",1980,"339.9,257.7,158.2","313,315,360","339.9,257.7,158.2","   incid_seg_id_  bearing  bearing_r dual        name
0            313    339.9      339.9  NOT  Allancroft
1            315    257.7      257.7  NOT       Rowan
2            360    158.2      158.2  NOT  Allancroft",POINT (-73.8594101513414 45.43979454684991)
0,243,-73.85909679621317,45.4390947489541,"1618019,1618035,1618034",1984,"156.2,258.3,336.5","314,359,360","156.2,258.3,336.5","   incid_seg_id_  bearing  bearing_r dual        name
0            314    156.2      156.2  NOT  Allancroft
1            359    258.3      258.3  NOT  Allancroft
2            360    336.5      336.5  NOT  Allancroft",POINT (-73.85909679621317 45.4390947489541)
0,244,-73.86133950235805,45.43937277743192,"1618018,1618017,1618015",1986,"77.7,156.2,257.9","315,316,318","77.7,156.2,257.9","   incid_seg_id_  bearing  bearing_r dual      name
0            315     77.7       77.7  NOT     Rowan
1            316    156.2      156.2  NOT  Woodside
2            318    257.9      257.9  NOT     Rowan",POINT (-73.86133950235805 45.43937277743192)
0,245,-73.86210553379178,45.43920287270861,"1618016,1618015,1618014",1989,"334.2,77.8,257.2","317,318,319","334.2,77.8,257.2","   incid_seg_id_  bearing  bearing_r dual       name
0            317    334.2      334.2  NOT  Connemara
1            318     77.8       77.8  NOT      Rowan
2            319    257.2      257.2  NOT      Rowan",POINT (-73.86210553379178 45.43920287270861)
0,246,-73.86309990491806,45.43898076063362,"1618014,1618011,1618010",1997,"77.3,156.1,336.1","319,322,353","77.3,156.1,336.1","   incid_seg_id_  bearing  bearing_r dual    name
0            319     77.3       77.3  NOT   Rowan
1            322    156.1      156.1  NOT  Forest
2            353    336.1      336.1  NOT  Forest",POINT (-73.86309990491806 45.43898076063362)
0,247,-73.86253114780277,45.43781822432988,"1618012,1618011,1618033",2003,"76.5,335.3,155.2","321,322,361","76.5,335.3,155.2","   incid_seg_id_  bearing  bearing_r dual    name
0            321     76.5       76.5  NOT  Elmira
1            322    335.3      335.3  NOT  Forest
2            361    155.2      155.2  NOT  Forest",POINT (-73.86253114780277 45.43781822432988)
0,248,-73.86713397807067,45.44240824651078,"1617934,1617936,1617935",2007,"358.3,271.5,176.4","323,392,393","358.3,271.5,176.4","   incid_seg_id_  bearing  bearing_r dual      name
0            323    358.3      358.3  NOT  Kirkland
1            392    271.5      271.5  NOT  Beaumont
2            393    176.4      176.4  NOT  Kirkland",POINT (-73.86713397807067 45.44240824651078)
0,249,-73.86477215095798,45.444185544584435,"1617933,1617932,1617931",2028,"245.7,65.3,138.1","324,325,326","245.7,65.3,138.1","   incid_seg_id_  bearing  bearing_r dual      name
0            324    245.7      245.7  NOT  Kirkland
1            325     65.3       65.3  NOT  Kirkland
2            326    138.1      138.1  NOT   Pearson",POINT (-73.86477215095798 45.444185544584435)
0,250,-73.85364434851945,45.438472082543285,"1618047,1618045,1618044,1618067",2081,"257.5,177.6,358.5,77.9","328,337,338,381","257.5,177.6,358.5,77.9","   incid_seg_id_  bearing  bearing_r dual        name
0            328    257.5      257.5  NOT  Sherbrooke
1            337    177.6      177.6  NOT      Castle
2            338    358.5      358.5  NOT      Castle
3            381     77.9       77.9  NOT  Sherbrooke",POINT (-73.85364434851945 45.438472082543285)
0,251,-73.86519372788788,45.44124805422935,"1617928,1617927,1617926",2091,"95.9,17.0,198.8","330,331,332","95.9,17.0,198.8","   incid_seg_id_  bearing  bearing_r dual         name
0            330     95.9       95.9  NOT  Bonaventure
1            331     17.0       17.0  NOT   Gingerwood
2            332    198.8      198.8  NOT   Gingerwood",POINT (-73.86519372788788 45.44124805422935)
0,252,-73.86253489953891,45.442174102651,"1617928,1617927,1617925",2108,"246.0,317.3,137.3","330,331,333","246.0,317.3,137.3","   incid_seg_id_  bearing  bearing_r dual         name
0            330    246.0      246.0  NOT  Bonaventure
1            331    317.3      317.3  NOT   Gingerwood
2            333    137.3      137.3  NOT   Gingerwood",POINT (-73.86253489953891 45.442174102651)
0,253,-73.86208646127963,45.44172645508554,"1617925,1617924,1617923",2132,"304.0,232.4,51.5","333,334,335","304.0,232.4,51.5","   incid_seg_id_  bearing  bearing_r dual        name
0            333    304.0      304.0  NOT  Gingerwood
1            334    232.4      232.4  NOT    Kirkland
2            335     51.5       51.5  NOT    Kirkland",POINT (-73.86208646127963 45.44172645508554)
0,254,-73.86215529644622,45.44332272994769,"1617922,1617921,1617920",2173,"165.3,85.1,265.5","336,357,358","165.3,85.1,265.5","   incid_seg_id_  bearing  bearing_r dual        name
0            336    165.3      165.3  NOT  Châtelaine
1            357     85.1       85.1  NOT   Tarragone
2            358    265.5      265.5  NOT   Tarragone",POINT (-73.86215529644622 45.44332272994769)
0,255,-73.85361868375949,45.44001762937163,"1618042,1618041,1618063",2190,"250.3,326.9,70.1","340,341,369","250.3,326.9,70.1","   incid_seg_id_  bearing  bearing_r dual     name
0            340    250.3      250.3  NOT  Florida
1            341    326.9      326.9  NOT   Castle
2            369     70.1       70.1  NOT  Florida",POINT (-73.85361868375949 45.44001762937163)
0,256,-73.85721967472236,45.440108927773444,"1618040,1618039,1618038",2199,"152.6,78.6,332.6","342,343,344","152.6,78.6,332.6","   incid_seg_id_  bearing  bearing_r dual     name
0            342    152.6      152.6  NOT  Bermuda
1            343     78.6       78.6  NOT    Rowan
2            344    332.6      332.6  NOT  Bermuda",POINT (-73.85721967472236 45.440108927773444)
0,257,-73.86563564843384,45.43781048877536,"1618001,1618000,1617975",2230,"77.2,154.2,334.6","347,348,387","77.2,154.2,334.6","   incid_seg_id_  bearing  bearing_r dual       name
0            347     77.2       77.2  NOT  Westcroft
1            348    154.2      154.2  NOT  Westcroft
2            387    334.6      334.6  NOT  Westcroft",POINT (-73.86563564843384 45.43781048877536)
0,258,-73.86731581759094,45.438421287361294,"1617999,1617977,1617976",2240,"154.2,261.1,334.5","349,385,386","154.2,261.1,334.5","   incid_seg_id_  bearing  bearing_r dual      name
0            349    154.2      154.2  NOT  Brighton
1            385    261.1      261.1  NOT    London
2            386    334.5      334.5  NOT  Brighton",POINT (-73.86731581759094 45.438421287361294)
0,259,-73.86631577663023,45.43644327975248,"1617998,1617997,1617985",2246,"161.6,82.7,330.8","350,351,355","161.6,82.7,330.8","   incid_seg_id_  bearing  bearing_r dual        name
0            350    161.6      161.6  NOT    Brighton
1            351     82.7       82.7  NOT  Sherbrooke
2            355    330.8      330.8  NOT  Sherbrooke",POINT (-73.86631577663023 45.43644327975248)
0,260,-73.86950630635492,45.436899712431554,"1617995,1617980,1617979",2249,"259.8,80.0,340.2","352,382,383","259.8,80.0,340.2","   incid_seg_id_  bearing  bearing_r dual        name
0            352    259.8      259.8  NOT  Sherbrooke
1            382     80.0       80.0  NOT  Sherbrooke
2            383    340.2      340.2  NOT       Fleet",POINT (-73.86950630635492 45.436899712431554)
0,261,-73.86938343803604,45.43771671590358,"1617984,1617979,1617978",2289,"99.6,200.5,21.6","356,383,384","99.6,200.5,21.6","   incid_seg_id_  bearing  bearing_r dual      name
0            356     99.6       99.6  NOT  Shamrock
1            383    200.5      200.5  NOT     Fleet
2            384     21.6       21.6  NOT     Fleet",POINT (-73.86938343803604 45.43771671590358)
0,262,-73.85592311929099,45.43555648662649,"1618081,1618080,1618079",2359,"78.2,337.4,258.1","366,374,375","78.2,337.4,258.1","   incid_seg_id_  bearing  bearing_r dual       name
0            366     78.2       78.2  NOT  Evergreen
1            374    337.4      337.4  NOT  Evergreen
2            375    258.1      258.1  NOT  Evergreen",POINT (-73.85592311929099 45.43555648662649)
0,263,-73.8514937056209,45.44131038241642,"1618065,1618064,1618060",2394,"263.3,157.2,79.9","367,368,372","263.3,157.2,79.9","   incid_seg_id_  bearing  bearing_r dual       name
0            367    263.3      263.3  NOT  Applewood
1            368    157.2      157.2  NOT   Cadillac
2            372     79.9       79.9  NOT  Applewood",POINT (-73.8514937056209 45.44131038241642)
0,264,-73.8513181626164,45.44056388229635,"1618064,1618063,1618061",2395,"336.6,258.5,157.0","368,369,371","336.6,258.5,157.0","   incid_seg_id_  bearing  bearing_r dual      name
0            368    336.6      336.6  NOT  Cadillac
1            369    258.5      258.5  NOT   Florida
2            371    157.0      157.0  NOT  Cadillac",POINT (-73.8513181626164 45.44056388229635)
0,265,-73.86832942693349,45.443251511150486,"1617938,1617937,1617936",2539,"243.8,64.4,134.6","390,391,392","243.8,64.4,134.6","   incid_seg_id_  bearing  bearing_r dual       name
0            390    243.8      243.8  NOT  Desbarats
1            391     64.4       64.4  NOT  Desbarats
2            392    134.6      134.6  NOT   Beaumont",POINT (-73.86832942693349 45.443251511150486)
0,266,-73.8513152437798,45.448060746758166,"1617492,1617491,1617476",2613,"180.3,1.3,270.3","395,396,398","180.3,1.3,270.3","   incid_seg_id_  bearing  bearing_r dual       name
0            395    180.3      180.3  NOT  Terry-Fox
1            396      1.3        1.3  NOT  Terry-Fox
2            398    270.3      270.3  NOT  Terry-Fox",POINT (-73.8513152437798 45.448060746758166)
0,267,-73.85130101631017,45.448673558843126,"1617491,1617479,1617476",2614,"181.3,90.3,0.8","396,397,398","181.3,90.3,0.8","   incid_seg_id_  bearing  bearing_r dual       name
0            396    181.3      181.3  NOT  Terry-Fox
1            397     90.3       90.3  NOT    Courval
2            398      0.8        0.8  NOT  Terry-Fox",POINT (-73.85130101631017 45.448673558843126)
0,268,-73.85669492287863,45.45017890869223,"1617546,1617530,1617528",2702,"297.1,132.1,316.8","412,415,417","297.1,132.1,316.8","   incid_seg_id_  bearing  bearing_r     dual           name
0            412    297.1      297.1      NOT   Sainte-Marie
1            415    132.1      132.1  DIVIDED  Saint-Charles
2            417    316.8      316.8  DIVIDED  Saint-Charles",POINT (-73.85669492287863 45.45017890869223)
